1;Alicja;Платье;8383002;бежевый;XL;48;;Женский;платье;вискоза 70%, полиестер 27%, эластан 3%;Украина;1;408,5;817;;;;8383002(1).jpg,8383002(2).jpg,8383002(3).jpg,8383002(4).jpg,8383002(5).jpg; 
2;Alicja;Гольф;8383006;коралловый;S;42;;Женский;блуза;вискоза 97%, эластан 3%;Украина;1;180,5;361;;;;8383006(1).jpg,8383006(2).jpg; 
;Alicja;Гольф;8383006;коралловый;M;44;;Женский;блуза;вискоза 97%, эластан 3%;Украина;1;180,5;361;;;;8383006(1).jpg,8383006(2).jpg; 
;Alicja;Гольф;8383006;коралловый;L;46;;Женский;блуза;вискоза 97%, эластан 3%;Украина;1;180,5;361;;;;8383006(1).jpg,8383006(2).jpg; 
;Alicja;Гольф;8383006;коралловый;XL;48;;Женский;блуза;вискоза 97%, эластан 3%;Украина;1;180,5;361;;;;8383006(1).jpg,8383006(2).jpg; 
;Alicja;Гольф;8383006;коралловый;3XL;52;;Женский;блуза;вискоза 97%, эластан 3%;Украина;1;180,5;361;;;;8383006(1).jpg,8383006(2).jpg; 
3;Alicja;Гольф;8383008;черный;L;46;;Женский;блуза;вискоза 97%, эластан 3%;Украина;1;180,5;361;;;;8383008(1).jpg,8383008(2).jpg; 
;Alicja;Гольф;8383008;черный;3XL;52;;Женский;блуза;вискоза 97%, эластан 3%;Украина;1;180,5;361;;;;8383008(1).jpg,8383008(2).jpg; 
4;Alicja;Брюки;8383009;стрелка;S;42;;Женский;брюки;вискоза 70%, полиестер 27%, эластан 3%;Украина ;1;316,35;632,7;;;;8383009(1).jpg,8383009(2).jpg,8383009(3).jpg; 
;Alicja;Брюки;8383009;стрелка;M;44;;Женский;брюки;вискоза 70%, полиестер 27%, эластан 3%;Украина ;1;316,35;632,7;;;;8383009(1).jpg,8383009(2).jpg,8383009(3).jpg; 
;Alicja;Брюки;8383009;стрелка;L;46;;Женский;брюки;вискоза 70%, полиестер 27%, эластан 3%;Украина ;1;316,35;632,7;;;;8383009(1).jpg,8383009(2).jpg,8383009(3).jpg; 
;Alicja;Брюки;8383009;стрелка;XL;48;;Женский;брюки;вискоза 70%, полиестер 27%, эластан 3%;Украина ;1;316,35;632,7;;;;8383009(1).jpg,8383009(2).jpg,8383009(3).jpg; 
;Alicja;Брюки;8383009;стрелка;2XL;50;;Женский;брюки;вискоза 70%, полиестер 27%, эластан 3%;Украина ;1;316,35;632,7;;;;8383009(1).jpg,8383009(2).jpg,8383009(3).jpg; 
5;Alicja;Туника;8383013;бирюзовый;M;44;;Женский;туника;вискоза 70%, полиестер 27%, эластан 3%;Украина ;1;358,15;716,3;;;;8383013(1).jpg,8383013(2).jpg,8383013(3).jpg,8383013(4).jpg; 
;Alicja;Туника;8383013;бирюзовый;L;46;;Женский;туника;вискоза 70%, полиестер 27%, эластан 3%;Украина ;1;358,15;716,3;;;;8383013(1).jpg,8383013(2).jpg,8383013(3).jpg,8383013(4).jpg; 
;Alicja;Туника;8383013;бирюзовый;XL;48;;Женский;туника;вискоза 70%, полиестер 27%, эластан 3%;Украина ;1;358,15;716,3;;;;8383013(1).jpg,8383013(2).jpg,8383013(3).jpg,8383013(4).jpg; 
6;Alicja;Комбинезон;8383014;синий;S;42;;Женский;комбинезон;вискоза 70%, полиестер 27%, эластан 3%;Украина;1;316,35;632,7;;;;8383014(1).jpg,8383014(2).jpg,8383014(3).jpg,8383014(4).jpg; 
;Alicja;Комбинезон;8383014;синий;M;44;;Женский;комбинезон;вискоза 70%, полиестер 27%, эластан 3%;Украина;1;316,35;632,7;;;;8383014(1).jpg,8383014(2).jpg,8383014(3).jpg,8383014(4).jpg; 
;Alicja;Комбинезон;8383014;синий;L;46;;Женский;комбинезон;вискоза 70%, полиестер 27%, эластан 3%;Украина;1;316,35;632,7;;;;8383014(1).jpg,8383014(2).jpg,8383014(3).jpg,8383014(4).jpg; 
;Alicja;Комбинезон;8383014;синий;XL;48;;Женский;комбинезон;вискоза 70%, полиестер 27%, эластан 3%;Украина;1;316,35;632,7;;;;8383014(1).jpg,8383014(2).jpg,8383014(3).jpg,8383014(4).jpg; 
7;Alicja;Платье;8383016;серый и черный;3XL;52;;Женский;платье;вискоза 70%, полиестер 27%, эластан 3%;Украина;1;228;456;;;;8383016(1).jpg,8383016(2).jpg,8383016(3).jpg,8383016(4).jpg; 
8;Alicja;Платье;8383018;бежевый;M;44;;Женский;платье;вискоза 70%, полиестер 27%, эластан 3%;Украина;1;270,75;541,5;;;;8383018(1).jpg,8383018(2).jpg,8383018(3).jpg,8383018(4).jpg,8383018(5).jpg; 
;Alicja;Платье;8383018;бежевый;2XL;50;;Женский;платье;вискоза 70%, полиестер 27%, эластан 3%;Украина;1;270,75;541,5;;;;8383018(1).jpg,8383018(2).jpg,8383018(3).jpg,8383018(4).jpg,8383018(5).jpg; 
9;Alicja;Платье;8383021;сиреневый и черный;S;42;;Женский;платье;вискоза 70%, полиестер 27%, эластан 3%;Украина ;1;270,75;541,5;;;;8383021(1).jpg,8383021(2).jpg,8383021(3).jpg,8383021(4).jpg; 
;Alicja;Платье;8383021;сиреневый и черный;XL;48;;Женский;платье;вискоза 70%, полиестер 27%, эластан 3%;Украина ;1;270,75;541,5;;;;8383021(1).jpg,8383021(2).jpg,8383021(3).jpg,8383021(4).jpg; 
10;Alicja;Платье;8383022;коралловый и ассиметрия;M;44;;Женский;платье;вискоза 70%, полиестер 27%, эластан 3%;Украина;1;270,75;541,5;;;;8383022(1).jpg,8383022(2).jpg,8383022(3).jpg,8383022(4).jpg; 
;Alicja;Платье;8383022;коралловый и ассиметрия;L;46;;Женский;платье;вискоза 70%, полиестер 27%, эластан 3%;Украина;1;270,75;541,5;;;;8383022(1).jpg,8383022(2).jpg,8383022(3).jpg,8383022(4).jpg; 
;Alicja;Платье;8383022;коралловый и ассиметрия;XL;48;;Женский;платье;вискоза 70%, полиестер 27%, эластан 3%;Украина;1;270,75;541,5;;;;8383022(1).jpg,8383022(2).jpg,8383022(3).jpg,8383022(4).jpg; 
;Alicja;Платье;8383022;коралловый и ассиметрия;2XL;50;;Женский;платье;вискоза 70%, полиестер 27%, эластан 3%;Украина;1;270,75;541,5;;;;8383022(1).jpg,8383022(2).jpg,8383022(3).jpg,8383022(4).jpg; 
11;Alicja;Платье;8383028;синее и полоса;L;46;;Женский;платье;вискоза 70%, полиестер 27%, эластан 3%;Украина;1;270,75;541,5;;;;8383028(1).jpg,8383028(2).jpg,8383028(3).jpg,8383028(4).jpg; 
;Alicja;Платье;8383028;синее и полоса;XL;48;;Женский;платье;вискоза 70%, полиестер 27%, эластан 3%;Украина;1;270,75;541,5;;;;8383028(1).jpg,8383028(2).jpg,8383028(3).jpg,8383028(4).jpg; 
;Alicja;Платье;8383028;синее и полоса;2XL;50;;Женский;платье;вискоза 70%, полиестер 27%, эластан 3%;Украина;1;270,75;541,5;;;;8383028(1).jpg,8383028(2).jpg,8383028(3).jpg,8383028(4).jpg; 
12;Alicja;Брюки;8383033;черный и белый;M;44;;Женский;брюки;коттон 97%, эластан 3%;Украина ;1;316,35;632,7;;;;8383033(1).jpg,8383033(2).jpg,8383033(3).jpg,8383033(4).jpg; 
;Alicja;Брюки;8383033;черный и белый;L;46;;Женский;брюки;коттон 97%, эластан 3%;Украина ;1;316,35;632,7;;;;8383033(1).jpg,8383033(2).jpg,8383033(3).jpg,8383033(4).jpg; 
;Alicja;Брюки;8383033;черный и белый;XL;48;;Женский;брюки;коттон 97%, эластан 3%;Украина ;1;316,35;632,7;;;;8383033(1).jpg,8383033(2).jpg,8383033(3).jpg,8383033(4).jpg; 
13;Alicja;Платье;8383036;как на фото;M;44;;Женский;платье;вискоза 70%, полиестер 27%, эластан 3%;Украина;2;358,15;716,3;;;;8383036(1).jpg,8383036(2).jpg,8383036(3).jpg,8383036(4).jpg; 
14;Alicja;Платье;8383037;серый и черный и синий;M;44;;Женский;платье;вискоза 70%, полиестер 27%, эластан 3%;Украина ;1;358,15;716,3;;;;8383037(1).jpg,8383037(2).jpg,8383037(3).jpg,8383037(4).jpg; 
;Alicja;Платье;8383037;серый и черный и синий;L;46;;Женский;платье;вискоза 70%, полиестер 27%, эластан 3%;Украина ;1;358,15;716,3;;;;8383037(1).jpg,8383037(2).jpg,8383037(3).jpg,8383037(4).jpg; 
;Alicja;Платье;8383037;серый и черный и синий;XL;48;;Женский;платье;вискоза 70%, полиестер 27%, эластан 3%;Украина ;1;358,15;716,3;;;;8383037(1).jpg,8383037(2).jpg,8383037(3).jpg,8383037(4).jpg; 
;Alicja;Платье;8383037;серый и черный и синий;2XL;50;;Женский;платье;вискоза 70%, полиестер 27%, эластан 3%;Украина ;1;358,15;716,3;;;;8383037(1).jpg,8383037(2).jpg,8383037(3).jpg,8383037(4).jpg; 
15;Alicja;Платье;8383038;бежевый и коралловый и черный;M;44;;Женский;платье;вискоза 70%, полиестер 27%, эластан 3%;Украина;1;358,15;716,3;;;;8383038(1).jpg,8383038(2).jpg,8383038(3).jpg,8383038(4).jpg,8383038(5).jpg; 
;Alicja;Платье;8383038;бежевый и коралловый и черный;L;46;;Женский;платье;вискоза 70%, полиестер 27%, эластан 3%;Украина;1;358,15;716,3;;;;8383038(1).jpg,8383038(2).jpg,8383038(3).jpg,8383038(4).jpg,8383038(5).jpg; 
;Alicja;Платье;8383038;бежевый и коралловый и черный;XL;48;;Женский;платье;вискоза 70%, полиестер 27%, эластан 3%;Украина;1;358,15;716,3;;;;8383038(1).jpg,8383038(2).jpg,8383038(3).jpg,8383038(4).jpg,8383038(5).jpg; 
16;Alicja;Пальто-пончо;8383039;рыжий;M;44;;Женский;верхняя одежда;шерсть100%;Украина ;1;720,1;1440,2;;;;8383039(1).jpg,8383039(2).jpg,8383039(3).jpg,8383039(4).jpg,8383039(5).jpg; 
;Alicja;Пальто-пончо;8383039;рыжий;L;46;;Женский;верхняя одежда;шерсть100%;Украина ;1;720,1;1440,2;;;;8383039(1).jpg,8383039(2).jpg,8383039(3).jpg,8383039(4).jpg,8383039(5).jpg; 
;Alicja;Пальто-пончо;8383039;рыжий;XL;48;;Женский;верхняя одежда;шерсть100%;Украина ;1;720,1;1440,2;;;;8383039(1).jpg,8383039(2).jpg,8383039(3).jpg,8383039(4).jpg,8383039(5).jpg; 
17;Alicja;Платье;8383049;бирюзовый;XL;48;;Женский;платье;вискоза 70%, полиестер 27%, эластан 3%;Украина ;1;270,75;541,5;;;;8383049(1).jpg,8383049(2).jpg,8383049(3).jpg,8383049(4).jpg; 
18;Alicja;Платье;8383050;как на фото;S;42;;Женский;платье;вискоза 70%, полиестер 27%, эластан 3%;Украина;1;270,75;541,5;;;;8383050(1).jpg,8383050(2).jpg,8383050(3).jpg,8383050(4).jpg; 
19;Alicja;Гольф;8383057;фуксия;M;44;;Женский;блуза;вискоза 97%, эластан 3%;Украина ;1;180,5;361;;;;8383057(1).jpg,8383057(2).jpg; 
;Alicja;Гольф;8383057;фуксия;L;46;;Женский;блуза;вискоза 97%, эластан 3%;Украина ;1;180,5;361;;;;8383057(1).jpg,8383057(2).jpg; 
;Alicja;Гольф;8383057;фуксия;XL;48;;Женский;блуза;вискоза 97%, эластан 3%;Украина ;1;180,5;361;;;;8383057(1).jpg,8383057(2).jpg; 
;Alicja;Гольф;8383057;фуксия;3XL;52;;Женский;блуза;вискоза 97%, эластан 3%;Украина ;1;180,5;361;;;;8383057(1).jpg,8383057(2).jpg; 
;Alicja;Гольф;8383057;фуксия;4XL;54;;Женский;блуза;вискоза 97%, эластан 3%;Украина ;1;180,5;361;;;;8383057(1).jpg,8383057(2).jpg; 
20;Alicja;Гольф;8383058;белый;M;44;;Женский;блуза;вискоза 97%, эластан 3%;Украина;1;180,5;361;;;;8383058(1).jpg,8383058(2).jpg,8383058(3).jpg; 
;Alicja;Гольф;8383058;белый;L;46;;Женский;блуза;вискоза 97%, эластан 3%;Украина;1;180,5;361;;;;8383058(1).jpg,8383058(2).jpg,8383058(3).jpg; 
;Alicja;Гольф;8383058;белый;3XL;52;;Женский;блуза;вискоза 97%, эластан 3%;Украина;1;180,5;361;;;;8383058(1).jpg,8383058(2).jpg,8383058(3).jpg; 
21;Alicja;Туника;8383063;как на фото;S;42;;Женский;туника;вискоза 70%, полиестер 27%, эластан 3%;Украина ;1;237,5;475;;;;8383063(1).jpg,8383063(2).jpg,8383063(3).jpg; 
;Alicja;Туника;8383063;как на фото;M;44;;Женский;туника;вискоза 70%, полиестер 27%, эластан 3%;Украина ;1;237,5;475;;;;8383063(1).jpg,8383063(2).jpg,8383063(3).jpg; 
;Alicja;Туника;8383063;как на фото;L;46;;Женский;туника;вискоза 70%, полиестер 27%, эластан 3%;Украина ;1;237,5;475;;;;8383063(1).jpg,8383063(2).jpg,8383063(3).jpg; 
;Alicja;Туника;8383063;как на фото;XL;48;;Женский;туника;вискоза 70%, полиестер 27%, эластан 3%;Украина ;1;237,5;475;;;;8383063(1).jpg,8383063(2).jpg,8383063(3).jpg; 
;Alicja;Туника;8383063;как на фото;2XL;50;;Женский;туника;вискоза 70%, полиестер 27%, эластан 3%;Украина ;1;237,5;475;;;;8383063(1).jpg,8383063(2).jpg,8383063(3).jpg; 
;Alicja;Туника;8383063;как на фото;3XL;52;;Женский;туника;вискоза 70%, полиестер 27%, эластан 3%;Украина ;1;237,5;475;;;;8383063(1).jpg,8383063(2).jpg,8383063(3).jpg; 
22;Alicja;Туника;8383065;как на фото;M;44;;Женский;туника;вискоза 70%, полиестер 27%, эластан 3%;Украина ;1;316,35;632,7;;;;8383065(1).jpg,8383065(2).jpg,8383065(3).jpg,8383065(4).jpg; 
;Alicja;Туника;8383065;как на фото;L;46;;Женский;туника;вискоза 70%, полиестер 27%, эластан 3%;Украина ;1;316,35;632,7;;;;8383065(1).jpg,8383065(2).jpg,8383065(3).jpg,8383065(4).jpg; 
;Alicja;Туника;8383065;как на фото;XL;48;;Женский;туника;вискоза 70%, полиестер 27%, эластан 3%;Украина ;1;316,35;632,7;;;;8383065(1).jpg,8383065(2).jpg,8383065(3).jpg,8383065(4).jpg; 
23;Alicja;Платье;8383068;как на фото;M;44;;Женский;платье;вискоза 70%, полиестер 27%, эластан 3%;Украина;1;180,5;361;;;;8383068(1).jpg,8383068(2).jpg,8383068(3).jpg; 
;Alicja;Платье;8383068;как на фото;L;46;;Женский;платье;вискоза 70%, полиестер 27%, эластан 3%;Украина;1;180,5;361;;;;8383068(1).jpg,8383068(2).jpg,8383068(3).jpg; 
24;Alicja;Комбинезон;8383077;черный;S;42;;Женский;комбинезон;вискоза 70%, полиестер 27%, эластан 3%;Украина ;2;270,75;541,5;;;;8383077(1).jpg,8383077(2).jpg,8383077(3).jpg,8383077(4).jpg,8383077(5).jpg,8383077(6).jpg; 
;Alicja;Комбинезон;8383077;черный;M;44;;Женский;комбинезон;вискоза 70%, полиестер 27%, эластан 3%;Украина ;2;270,75;541,5;;;;8383077(1).jpg,8383077(2).jpg,8383077(3).jpg,8383077(4).jpg,8383077(5).jpg,8383077(6).jpg; 
;Alicja;Комбинезон;8383077;черный;L;46;;Женский;комбинезон;вискоза 70%, полиестер 27%, эластан 3%;Украина ;2;270,75;541,5;;;;8383077(1).jpg,8383077(2).jpg,8383077(3).jpg,8383077(4).jpg,8383077(5).jpg,8383077(6).jpg; 
;Alicja;Комбинезон;8383077;черный;XL;48;;Женский;комбинезон;вискоза 70%, полиестер 27%, эластан 3%;Украина ;2;270,75;541,5;;;;8383077(1).jpg,8383077(2).jpg,8383077(3).jpg,8383077(4).jpg,8383077(5).jpg,8383077(6).jpg; 
;Alicja;Комбинезон;8383077;черный;2XL;50;;Женский;комбинезон;вискоза 70%, полиестер 27%, эластан 3%;Украина ;2;270,75;541,5;;;;8383077(1).jpg,8383077(2).jpg,8383077(3).jpg,8383077(4).jpg,8383077(5).jpg,8383077(6).jpg; 
25;Alicja;Комбинезон;8383078;серый;S;42;;Женский;комбинезон;вискоза 70%, полиестер 27%, эластан 3%;Украина;1;270,75;541,5;;;;8383078(1).jpg,8383078(2).jpg,8383078(3).jpg,8383078(4).jpg; 
;Alicja;Комбинезон;8383078;серый;L;46;;Женский;комбинезон;вискоза 70%, полиестер 27%, эластан 3%;Украина;1;270,75;541,5;;;;8383078(1).jpg,8383078(2).jpg,8383078(3).jpg,8383078(4).jpg; 
;Alicja;Комбинезон;8383078;серый;2XL;50;;Женский;комбинезон;вискоза 70%, полиестер 27%, эластан 3%;Украина;1;270,75;541,5;;;;8383078(1).jpg,8383078(2).jpg,8383078(3).jpg,8383078(4).jpg; 
26;Alicja;Пальто;8383082;серый и черный;M;44;;Женский;верхняя одежда;шерсть 100%;Украина;1;674,5;1349;;;;8383082(1).jpg,8383082(2).jpg,8383082(3).jpg,8383082(4).jpg,8383082(5).jpg,8383082(6).jpg; 
27;Alicja;Пальто;8383084;черный;S;42;;Женский;верхняя одежда;шерсть 100%;Украина;1;586,15;1172,3;;;;8383084(1).jpg,8383084(2).jpg,8383084(3).jpg,8383084(4).jpg,8383084(5).jpg; 
28;Alicja;Туника;8383085;синий и черный;S;42;;Женский;туника;вискоза 70%, полиестер 27%, эластан 3%;Украина ;1;270,75;541,5;;;;8383085(1).jpg,8383085(2).jpg,8383085(3).jpg,8383085(4).jpg,8383085(5).jpg; 
;Alicja;Туника;8383085;синий и черный;XL;48;;Женский;туника;вискоза 70%, полиестер 27%, эластан 3%;Украина ;1;270,75;541,5;;;;8383085(1).jpg,8383085(2).jpg,8383085(3).jpg,8383085(4).jpg,8383085(5).jpg; 
29;Alicja;Платье ;8383100;коралловый;XL;48;;Женский;платье;вискоза 70%, полиестер 27%, эластан 3%;Украина;1;270,75;541,5;;;;8383100(1).jpg,8383100(2).jpg,8383100(3).jpg; 
30;Alicja;Платье ;8383102;как на фото;M;44;;Женский;платье;вискоза 70%, полиестер 27%, эластан 3%;Украина;1;270,75;541,5;;;;8383102(1).jpg,8383102(2).jpg; 
;Alicja;Платье ;8383102;как на фото;L;46;;Женский;платье;вискоза 70%, полиестер 27%, эластан 3%;Украина;1;270,75;541,5;;;;8383102(1).jpg,8383102(2).jpg; 
;Alicja;Платье ;8383102;как на фото;XL;48;;Женский;платье;вискоза 70%, полиестер 27%, эластан 3%;Украина;1;270,75;541,5;;;;8383102(1).jpg,8383102(2).jpg; 
31;Alicja;Платье ;8383103;черный;M;44;;Женский;платье;вискоза 70%, полиестер 27%, эластан 3%;Украина ;1;408,5;817;;;;8383103(1).jpg,8383103(2).jpg; 
;Alicja;Платье ;8383103;черный;L;46;;Женский;платье;вискоза 70%, полиестер 27%, эластан 3%;Украина ;1;408,5;817;;;;8383103(1).jpg,8383103(2).jpg; 
;Alicja;Платье ;8383103;черный;XL;48;;Женский;платье;вискоза 70%, полиестер 27%, эластан 3%;Украина ;1;408,5;817;;;;8383103(1).jpg,8383103(2).jpg; 
32;Alicja;Платье ;8383105;бежевый и черный;M;44;;Женский;платье;вискоза 70%, полиестер 27%, эластан 3%;Украина ;1;408,5;817;;;;8383105(1).jpg,8383105(2).jpg,8383105(3).jpg,8383105(4).jpg; 
;Alicja;Платье ;8383105;бежевый и черный;L;46;;Женский;платье;вискоза 70%, полиестер 27%, эластан 3%;Украина ;1;408,5;817;;;;8383105(1).jpg,8383105(2).jpg,8383105(3).jpg,8383105(4).jpg; 
33;Alicja;Платье ;8383106;черный и белый;L;46;;Женский;платье;вискоза 70%, полиестер 27%, эластан 3%;Украина;1;358,15;716,3;;;;8383106(1).jpg,8383106(2).jpg,8383106(3).jpg; 
;Alicja;Платье ;8383106;черный и белый;XL;48;;Женский;платье;вискоза 70%, полиестер 27%, эластан 3%;Украина;1;358,15;716,3;;;;8383106(1).jpg,8383106(2).jpg,8383106(3).jpg; 
34;Alicja;Платье ;8383107;черный и белый;L;46;;Женский;платье;вискоза 70%, полиестер 27%, эластан 3%;Украина ;1;358,15;716,3;;;;8383107(1).jpg,8383107(2).jpg,8383107(3).jpg; 
35;Alicja;Платье;8383115;белый;M;44;;Женский;платье;вискоза 70%, полиестер 27%, эластан 3%;Украина ;1;358,15;716,3;;;;8383115(1).jpg,8383115(2).jpg,8383115(3).jpg,8383115(4).jpg; 
36;Alicja;Платье;8383121;серый;XL;48;;Женский;платье;вискоза 70%, полиестер 27%, эластан 3%;Украина ;1;358,15;716,3;;;;8383121(1).jpg,8383121(2).jpg,8383121(3).jpg,8383121(4).jpg; 
37;Alicja;Платье;8383124;бежевый и черный;M;44;;Женский;платье;вискоза 70%, полиестер 27%, эластан 3%;Украина;1;408,5;817;;;;8383124(1).jpg,8383124(2).jpg,8383124(3).jpg,8383124(4).jpg,8383124(5).jpg; 
;Alicja;Платье;8383124;бежевый и черный;L;46;;Женский;платье;вискоза 70%, полиестер 27%, эластан 3%;Украина;1;408,5;817;;;;8383124(1).jpg,8383124(2).jpg,8383124(3).jpg,8383124(4).jpg,8383124(5).jpg; 
;Alicja;Платье;8383124;бежевый и черный;XL;48;;Женский;платье;вискоза 70%, полиестер 27%, эластан 3%;Украина;1;408,5;817;;;;8383124(1).jpg,8383124(2).jpg,8383124(3).jpg,8383124(4).jpg,8383124(5).jpg; 
38;Alicja;Платье;8383126;черный;L;46;;Женский;платье;вискоза 70%, полиестер 27%, эластан 3%;Украина;1;408,5;817;;;;8383126(1).jpg,8383126(2).jpg,8383126(3).jpg,8383126(4).jpg; 
39;Alicja;Пальто;8383127;персиковый;M;44;;Женский;верхняя одежда;шерсть 70%, полиэстер 30%;Украина ;1;760;1520;;;;8383127(1).jpg,8383127(2).jpg,8383127(3).jpg; 
;Alicja;Пальто;8383127;персиковый;L;46;;Женский;верхняя одежда;шерсть 70%, полиэстер 30%;Украина ;1;760;1520;;;;8383127(1).jpg,8383127(2).jpg,8383127(3).jpg; 
40;Alicja;Платье;8383133;черный и белый;XL;48;;Женский;платье;вискоза 70%, полиестер 27%, эластан 3%;Украина ;1;316,35;632,7;;;;8383133(1).jpg,8383133(2).jpg,8383133(3).jpg,8383133(4).jpg; 
41;Alicja;Пальто;8383143;персиковый;M;44;;Женский;верхняя одежда;шерсть 50%, акрил 50%;Украина ;1;674,5;1349;;;;8383143(1).jpg,8383143(2).jpg,8383143(3).jpg,8383143(4).jpg; 
;Alicja;Пальто;8383143;персиковый;L;46;;Женский;верхняя одежда;шерсть 50%, акрил 50%;Украина ;1;674,5;1349;;;;8383143(1).jpg,8383143(2).jpg,8383143(3).jpg,8383143(4).jpg; 
42;Alicja;Платье;8383154;бирюзовый и белый;S;42;;Женский;платье;вискоза 70%, полиестер 27%, эластан 3%;Украина;1;408,5;817;;;;8383154(1).jpg,8383154(2).jpg,8383154(3).jpg,8383154(4).jpg; 
;Alicja;Платье;8383154;бирюзовый и белый;M;44;;Женский;платье;вискоза 70%, полиестер 27%, эластан 3%;Украина;1;408,5;817;;;;8383154(1).jpg,8383154(2).jpg,8383154(3).jpg,8383154(4).jpg; 
43;Alicja;Платье;8383167;коралловый;XL;48;;Женский;платье;вискоза 70%, полиестер 27%, эластан 3%;Украина ;1;408,5;817;;;;8383167(1).jpg,8383167(2).jpg,8383167(3).jpg; 
;Alicja;Платье;8383167;коралловый;2XL;50;;Женский;платье;вискоза 70%, полиестер 27%, эластан 3%;Украина ;1;408,5;817;;;;8383167(1).jpg,8383167(2).jpg,8383167(3).jpg; 
44;Alicja;Платье;8383175;как на фото;M;44;;Женский;платье;вискоза 97%, эластан 3%;Украина ;1;270,75;541,5;;;;8383175(1).jpg,8383175(2).jpg,8383175(3).jpg; 
45;Alicja;Платье;8383210;как на фото;M;44;;Женский;платье;вискоза 70%, полиестер 27%, эластан 3%;Украина;1;408,5;817;;;;8383210(1).jpg,8383210(2).jpg,8383210(3).jpg,8383210(4).jpg; 
;Alicja;Платье;8383210;как на фото;L;46;;Женский;платье;вискоза 70%, полиестер 27%, эластан 3%;Украина;1;408,5;817;;;;8383210(1).jpg,8383210(2).jpg,8383210(3).jpg,8383210(4).jpg; 
;Alicja;Платье;8383210;как на фото;XL;48;;Женский;платье;вискоза 70%, полиестер 27%, эластан 3%;Украина;1;408,5;817;;;;8383210(1).jpg,8383210(2).jpg,8383210(3).jpg,8383210(4).jpg; 
46;Alicja;Туника;8383216;синий;M;44;;Женский;туника;вискоза 97%, эластан 3%;Украина;1;270,75;541,5;;;;8383216(1).jpg,8383216(2).jpg,8383216(3).jpg; 
47;Alicja;Кардиган;8383217;черный и серый;L;46;;Женский;кардиган;шерсть 70%, полиэстер 30%;Украина ;1;408,5;817;;;;8383217(1).jpg,8383217(2).jpg,8383217(3).jpg,8383217(4).jpg,8383217(5).jpg; 
;Alicja;Кардиган;8383217;черный и серый;XL;48;;Женский;кардиган;шерсть 70%, полиэстер 30%;Украина ;1;408,5;817;;;;8383217(1).jpg,8383217(2).jpg,8383217(3).jpg,8383217(4).jpg,8383217(5).jpg; 
48;Alicja;Кардиган;8383218;как на фото;M;44;;Женский;кардиган;вискоза 70%, полиестер 27%, эластан 3%;Украина;2;451,25;902,5;;;;8383218(1).jpg,8383218(2).jpg,8383218(3).jpg,8383218(4).jpg; 
;Alicja;Кардиган;8383218;как на фото;L;46;;Женский;кардиган;вискоза 70%, полиестер 27%, эластан 3%;Украина;2;451,25;902,5;;;;8383218(1).jpg,8383218(2).jpg,8383218(3).jpg,8383218(4).jpg; 
;Alicja;Кардиган;8383218;как на фото;XL;48;;Женский;кардиган;вискоза 70%, полиестер 27%, эластан 3%;Украина;2;451,25;902,5;;;;8383218(1).jpg,8383218(2).jpg,8383218(3).jpg,8383218(4).jpg; 
;Alicja;Кардиган;8383218;как на фото;2XL;50;;Женский;кардиган;вискоза 70%, полиестер 27%, эластан 3%;Украина;2;451,25;902,5;;;;8383218(1).jpg,8383218(2).jpg,8383218(3).jpg,8383218(4).jpg; 
49;Alicja;Кардиган;8383220;серый и синий;L;46;;Женский;кардиган;вискоза 70%, полиестер 27%, эластан 3%;Украина;2;451,25;902,5;;;;8383220(1).jpg,8383220(2).jpg,8383220(3).jpg,8383220(4).jpg,8383220(5).jpg; 
;Alicja;Кардиган;8383220;серый и синий;XL;48;;Женский;кардиган;вискоза 70%, полиестер 27%, эластан 3%;Украина;2;451,25;902,5;;;;8383220(1).jpg,8383220(2).jpg,8383220(3).jpg,8383220(4).jpg,8383220(5).jpg; 
50;Alicja;Кардиган;8383222;черный и белый;L;46;;Женский;кардиган;вискоза 70%, полиестер 27%, эластан 3%;Украина;2;451,25;902,5;;;;8383222(1).jpg,8383222(2).jpg,8383222(3).jpg,8383222(4).jpg; 
;Alicja;Кардиган;8383222;черный и белый;XL;48;;Женский;кардиган;вискоза 70%, полиестер 27%, эластан 3%;Украина;2;451,25;902,5;;;;8383222(1).jpg,8383222(2).jpg,8383222(3).jpg,8383222(4).jpg; 
51;Alicja;Пальто;8383223;кэмел;M;44;;Женский;верхняя одежда;шерсть 100%;Украина ;1;720,1;1440,2;;;;8383223(1).jpg,8383223(2).jpg,8383223(3).jpg,8383223(4).jpg,8383223(5).jpg; 
;Alicja;Пальто;8383223;кэмел;L;46;;Женский;верхняя одежда;шерсть 100%;Украина ;1;720,1;1440,2;;;;8383223(1).jpg,8383223(2).jpg,8383223(3).jpg,8383223(4).jpg,8383223(5).jpg; 
52;Alicja;Пальто;8383224;молочный;M;44;;Женский;верхняя одежда;шерсть 70%, полиэстер 30%;Украина;1;720,1;1440,2;;;;8383224(1).jpg,8383224(2).jpg,8383224(3).jpg,8383224(4).jpg; 
;Alicja;Пальто;8383224;молочный;L;46;;Женский;верхняя одежда;шерсть 70%, полиэстер 30%;Украина;1;720,1;1440,2;;;;8383224(1).jpg,8383224(2).jpg,8383224(3).jpg,8383224(4).jpg; 
53;Alicja;Пальто;8383226;красный;M;44;;Женский;верхняя одежда;шерсть 70%, полиэстер 30%;Украина;1;720,1;1440,2;;;;8383226(1).jpg,8383226(2).jpg,8383226(3).jpg,8383226(4).jpg,8383226(5).jpg; 
;Alicja;Пальто;8383226;красный;L;46;;Женский;верхняя одежда;шерсть 70%, полиэстер 30%;Украина;1;720,1;1440,2;;;;8383226(1).jpg,8383226(2).jpg,8383226(3).jpg,8383226(4).jpg,8383226(5).jpg; 
54;Alicja;Брюки;8383234;как на фото;S;42;;Женский;брюки;вискоза 70%, полиестер 27%, эластан 3%;Украина;1;358,15;716,3;;;;8383234(1).jpg,8383234(2).jpg,8383234(3).jpg; 
;Alicja;Брюки;8383234;как на фото;M;44;;Женский;брюки;вискоза 70%, полиестер 27%, эластан 3%;Украина;1;358,15;716,3;;;;8383234(1).jpg,8383234(2).jpg,8383234(3).jpg; 
;Alicja;Брюки;8383234;как на фото;L;46;;Женский;брюки;вискоза 70%, полиестер 27%, эластан 3%;Украина;1;358,15;716,3;;;;8383234(1).jpg,8383234(2).jpg,8383234(3).jpg; 
;Alicja;Брюки;8383234;как на фото;XL;48;;Женский;брюки;вискоза 70%, полиестер 27%, эластан 3%;Украина;1;358,15;716,3;;;;8383234(1).jpg,8383234(2).jpg,8383234(3).jpg; 
;Alicja;Брюки;8383234;как на фото;2XL;50;;Женский;брюки;вискоза 70%, полиестер 27%, эластан 3%;Украина;1;358,15;716,3;;;;8383234(1).jpg,8383234(2).jpg,8383234(3).jpg; 
55;Alicja;Брюки;8383241;как на фото;S;42;;Женский;брюки;вискоза 70%, полиестер 27%, эластан 3%;Украина ;1;358,15;716,3;;;;8383241(1).jpg,8383241(2).jpg,8383241(3).jpg; 
;Alicja;Брюки;8383241;как на фото;M;44;;Женский;брюки;вискоза 70%, полиестер 27%, эластан 3%;Украина ;1;358,15;716,3;;;;8383241(1).jpg,8383241(2).jpg,8383241(3).jpg; 
;Alicja;Брюки;8383241;как на фото;L;46;;Женский;брюки;вискоза 70%, полиестер 27%, эластан 3%;Украина ;1;358,15;716,3;;;;8383241(1).jpg,8383241(2).jpg,8383241(3).jpg; 
;Alicja;Брюки;8383241;как на фото;XL;48;;Женский;брюки;вискоза 70%, полиестер 27%, эластан 3%;Украина ;1;358,15;716,3;;;;8383241(1).jpg,8383241(2).jpg,8383241(3).jpg; 
;Alicja;Брюки;8383241;как на фото;2XL;50;;Женский;брюки;вискоза 70%, полиестер 27%, эластан 3%;Украина ;1;358,15;716,3;;;;8383241(1).jpg,8383241(2).jpg,8383241(3).jpg; 
